"Category","Tag","Rank","Profile","Wall_ID","Following","Followers"
"brands","services","1","Hotel Urbano","105521993782675809241","4710","417705"
"brands","services","2","Zazcar","109436259810146984751","4001","257889"
"brands","services","3","CI Intercâmbio","104729727593201656305","17","248781"
"brands","services","4","Google Developers","111395306401981598462","355","231169"
"brands","services","5","LDLC.com","104301983842916548085","36","36621"
"brands","services","6","bijin-tokei","117890927653055478268","4356","11900"
"brands","services","7","Hannes Schleeh","108102489999609775609","753","9897"
"brands","services","8","Rackspace","100698655987920162334","19","8848"
"brands","services","9","The Definitive Guides To Google+","101701744228082676193","4192","8283"
"brands","services","10","schwindt-pr","110312168010953903557","2809","4858"
"brands","services","11","HKTDC 香港貿發局","106601792538852254829","2132","2208"
"brands","services","12","Salesforce Buddy Media","101123952296891564774","72","1358"
"brands","services","13","Socialbakers.com","115396124004851082723","9","1159"
"brands","services","14","hobbynote","117352299940869025642","20","685"
"brands","services","15","Social Upgrade","107443706441605018664","88","647"
"brands","services","16","Südtirol Touristik Info","115597719515027599725","305","505"
"brands","services","17","Datacentrum WEDOS","103221313212683920526","","504"
"brands","services","18","Red Hat Czech","113358324864673318624","5","464"
"brands","services","19","Hostpoint","107115890006338979659","296","456"
"brands","services","20","Best Relations","100443101116430345792","346","434"
"brands","services","21","Storm Model Management","118401613528931495818","38","387"
"brands","services","22","Social Media NZ","112138046820805727020","60","340"
"brands","services","23","Social Media Bali","104667131949036660104","","328"
"brands","services","24","Monster.fi - Avoimet työpaikat","107706978235805021908","259","309"
"brands","services","25","Avis Rent a Car South Africa","104990115774244994212","106","242"
"brands","services","26","Your Future at Deloitte New Zealand","115655215701126077908","86","160"
"brands","services","27","iProspect Finland","107792139176627335449","56","149"
"brands","services","28","hairyLemon digital agency","115300622055873706162","94","109"
"brands","services","29","Socialdoe.com","100106441708438617680","","106"
"brands","services","30","Heuvel Marketing","108883656790918558093","234","102"
"brands","services","31","business.govt.nz","108505960968024382423","24","100"
"brands","services","32","PwC New Zealand","108966178495135260832","83","97"
"brands","services","33","Lingo24","110960415020761677534","42","96"
"brands","services","34","heaven","108781371715933322158","65","85"
"brands","services","35","Serge Sebastien Staub","117193132892280231944","82","75"
"brands","services","36","comparethemeerkat.com","109913742790702440273","","71"
"brands","services","37","Barama Project - Azercell","106167003535702662966","20","69"
"brands","services","38","Capital Connect","111451604407155073413","10","66"
"brands","services","39","New Zealand Airport Car Rental","105143007543521508338","","66"
"brands","services","40","Onvizi New Zealand","105839434243812316656","14","64"
"brands","services","41","Small Business Web Design New Zealand (NZ)","109587070724267398883","9","61"
"brands","services","42","Martin Professional","101006663096647050414","62","58"
"brands","services","43","BrandWeb Direct NewZealand","115790681081115318117","19","54"
"brands","services","44","Real Estate Cagayan de Oro","102630450135068539030","42","52"
"brands","services","45","Diseño web LA TEVA WEB SL","118305846280254709140","2","49"
"brands","services","46","Perfecto Group","101528808056028280668","24","48"
"brands","services","47","Junk Mail Classifieds","100511634436890783090","15","47"
"brands","services","48","Colmar Brunton","113369849824065493698","41","44"
"brands","services","49","Procab Studio","112717786096104208519","16","43"
"brands","services","50","Budget Rent A Car New Zealand","104116892116135990383","","42"
"brands","services","51","My Wish","109452918990861292081","68","37"
"brands","services","52","STRATCOG AS","101996374427191479556","","36"
"brands","services","53","Blip.pt","108646460321933723123","2","36"
"brands","services","54","Ofertas de Email","111567466252992826411","31","35"
"brands","services","55","Eppela","116066804959412691384","51","34"
"brands","services","56","Quarsh","111386768212344726645","37","34"
"brands","services","57","PIXELMECHANICS | Webproduktion","108012794070089892661","","33"
"brands","services","58","Bubok Portugal","102183040869205227276","","31"
"brands","services","59","Rock On M3dia","101322434519930819324","40","29"
"brands","services","60","Mercury Energy","115843648960796951574","4","28"
"brands","services","61","Autoplaza.com.mx","113979582271094023110","26","28"
"brands","services","62","Carat New Zealand","104406647518161741862","","28"
"brands","services","63","Lab Revolución","114476754601562107644","23","27"
"brands","services","64","SolidQ","105279914944150120482","22","27"
"brands","services","65","Turismo y Promociones V.Q Capacitacitación","105111757743706986568","1","26"
"brands","services","66","VIKA","103102650847047141558","100","21"
"brands","services","67","Tirana Bus Stations","109433554748710614386","20","21"
"brands","services","68","WOW group","102392875017446294463","","20"
"brands","services","69","ODIG Marketing Digital","111655297074443624402","10","19"
"brands","services","70","Brandp","102186251672021436766","18","18"
"brands","services","71","Auritt Communications Group","114556435439674430479","10","18"
"brands","services","72","Physiotherapie Urs Brand","113743950591890998543","37","18"
"brands","services","73","Ethiojobs.net","103426194964930201625","12","17"
"brands","services","74","WAZ Marketing","109090196914991161737","21","17"
"brands","services","75","NTC","105720249215982242479","","17"
"brands","services","76","Vivescia","108325101800766112083","","16"
"brands","services","77","Creativos de Mente - Fábrica de Ideas","113665438318411209432","12","14"
"brands","services","78","KICWhyteBuildingContractorsMai&lt;wbr&gt;ntenaceService Ltd","102705355343406118368","122","14"
"brands","services","79","imagebrite","108693790216225540693","29","12"
"brands","services","80","7minutebreak","104806792411281361384","1","11"
"brands","services","81","SocialSteps.gr","101055736736487936913","13","11"
"brands","services","82","iMomentous Inc","111835143458646501407","","10"
"brands","services","83","intosite","102359817113808563020","10","9"
"brands","services","84","Весільна фотографія від студії ""Посмішка""","102789121867571508330","","9"
"brands","services","85","Singleton LLC","105967912547657626755","1","9"
"brands","services","86","Karzen &amp; Karzen d.o.o.","107224839444786306266","5","8"
"brands","services","87","StayInRiga","108813402794244567457","3","7"
"brands","services","88","Cemec","116295785105478863316","4","7"
"brands","services","89","Admisiones UNITEC","109206798256150472238","2","7"
"brands","services","90","All Star Pest Management","109341520808803208729","","6"
"brands","services","91","QUIP Marketing","105820557999838727105","16","5"
"brands","services","92","Portakal Ajans","111697053043337790433","1","5"
"brands","services","93","Stena Line Norge","116166393883540460925","5","5"
"brands","services","94","Svět zdraví ACTIVE","116691262064786888501","","3"
"brands","services","95","Dalet Digital Media Systems","109717047735292309825","","3"
"brands","services","96","Indigo Pearl Germany","106572848211767233701","","3"
"brands","services","97","ProWeb","100137899222779434781","","2"
"brands","services","98","Xiteb (Pvt) Ltd","117114931215115103870","","2"
"brands","services","99","E-mentorship for EU funds","102482412174490162763","2","2"
"brands","services","100","RightVirtualSupport","113188611159201250794","1","2"
"brands","services","101","Stefani&amp;Co","112499029272039087623","3","2"
"brands","services","102","Grupo Ago México","112615545917264211548","","2"
"brands","services","103","Praia Imobiliária (Vila Velha - ES)","116925664611302822835","1","1"
"brands","services","104","GERMAN PARDO","111424418461240675457","275","1"
"brands","services","105","BOATSUL","101052133994732376401","7",""
"brands","auto","1","Ferrari","103208749141257247923","1","2758071"
"brands","auto","2","BMW","116122599472883419597","3","2488947"
"brands","auto","3","TOYOTA","110937137992985950150","","2332717"
"brands","auto","4","Mercedes-Benz","106129845850785943761","9","2230084"
"brands","auto","5","Nissan","111258362040794495143","","2097482"
"brands","auto","6","Ford Motor Company","111717275116289870961","","2077615"
"brands","auto","7","Porsche","114030215137472936121","","1976384"
"brands","auto","8","Volkswagen USA","106689856342933829975","12","1922875"
"brands","auto","9","Chevrolet","107388310223573995050","","1603789"
"brands","auto","10","Chrysler","109291633136886612799","9","1487335"
"brands","auto","11","Mercedes-AMG","108482223645789932662","7","1357123"
"brands","auto","12","Audi USA","105503202599719238167","178","1322924"
"brands","auto","13","General Motors","114798960478398207095","4915","1248059"
"brands","auto","14","Fiat","111811790542649932315","19","1134528"
"brands","auto","15","Cadillac","112036779230629352735","","1120276"
"brands","auto","16","Kia Motors Worldwide","116940697436648352120","500","1047506"
"brands","auto","17","Lamborghini","103184200601460920184","226","870991"
"brands","auto","18","Chevrolet Argentina","114000260702884184448","5","65769"
"brands","auto","19","Chevrolet México","115908713272144043848","306","63610"
"brands","auto","20","Volkswagen de México","115691731319070718311","","62746"
"brands","auto","21","Renault Türkiye","102299779665047782766","","57270"
"brands","auto","22","BMW Deutschland","104645455381580852026","","34743"
"brands","auto","23","Toyota USA","109401964142949249458","28","32535"
"brands","auto","24","Aston Martin","107924826367458444749","","9572"
"brands","auto","25","Lexus USA","103396050334091380560","","8986"
"brands","auto","26","Mercedes-Benz USA","110992313421112148128","5","8919"
"brands","auto","27","Volkswagen Deutschland","102235771246483623862","","8579"
"brands","auto","28","BMW USA","108787683302278054232","","8513"
"brands","auto","29","BMW i","102598756161175116851","3","8332"
"brands","auto","30","BMW Group","105615651800110332871","","7592"
"brands","auto","31","MINI","116797632736423065968","","6958"
"brands","auto","32","Chrysler Group LLC","108116425525605807265","2741","6518"
"brands","auto","33","Renault Ukraine","100522592074988001262","3","5479"
"brands","auto","34","Citroën","114580006394043899817","131","3559"
"brands","auto","35","Volvo Cars US","110972555173670031978","","3257"
"brands","auto","36","Holden","105660831944567707941","5","2039"
"brands","auto","37","JEGS Performance","100400953228950622869","53","1098"
"brands","auto","38","Fiat Türkiye","105186158213747249925","230","739"
"brands","auto","39","Audi UK","104971030126460800737","97","683"
"brands","auto","40","Chevrolet France","117668042472332213772","13","515"
"brands","auto","41","Citroën España","107274072160330758440","1","235"
"brands","auto","42","Chevrolet Colombia","111838960521618083756","11","195"
"brands","auto","43","Chevrolet Chile","108103566867387598324","119","179"
"brands","auto","44","Peugeot Česko","106680127812283966995","2","170"
"brands","auto","45","Chery Brasil","103734897982674104513","41","132"
"brands","auto","46","Hella Italia","117397050735519758180","","90"
"brands","auto","47","Citroën Russia","102159169354746322516","","77"
"brands","auto","48","Suzuki Auto SA","111481205030183540386","1","61"
"brands","auto","49","Ситроен Россия","116156770719409177396","18","52"
"brands","auto","50","Williams Hunt","106792910673885030741","108","49"
"brands","auto","51","Honda New Zealand","107744630504934926470","1","45"
"brands","auto","52","Toyota New Zealand","112060650811333289026","","37"
"brands","ecommerce","1","Amazon.com","110356773655474889799","1","311982"
"brands","ecommerce","2","El Corte Inglés","110316134259121206323","1","101657"
"brands","ecommerce","3","ThinkGeek","111086949937726998175","4608","69767"
"brands","ecommerce","4","Appliances Online","106721322151482890888","4682","44827"
"brands","ecommerce","5","Фокстрот","105551865945403309795","","26312"
"brands","ecommerce","6","de Bijenkorf","104701763371582747211","2732","18848"
"brands","ecommerce","7","FotoMag.com.ua","112835053192446438489","3","14780"
"brands","ecommerce","8","Designmodo","100967446073277572745","","6885"
"brands","ecommerce","9","Fry's Electronics","105770605049937525517","","4834"
"brands","ecommerce","10","farfetch","109435701726892308651","770","4192"
"brands","ecommerce","11","OTTO","113326499714101345608","3309","3885"
"brands","ecommerce","12","Connections.be - #1 in Flights, Holidays &amp; Hotels","106439264424474312764","611","3661"
"brands","ecommerce","13","ricardo.gr","114216358434127248835","1216","2485"
"brands","ecommerce","14","Pikitia Postcards","107644226042549026708","","1784"
"brands","ecommerce","15","alloresto.fr","109338583986500363288","","1446"
"brands","ecommerce","16","Lazada Indonesia","101850977969394149607","","1200"
"brands","ecommerce","17","notebooksbilliger.de","107076845224716861737","","1056"
"brands","ecommerce","18","perushop24","114387605610887216568","849","1046"
"brands","ecommerce","19","Rue du Commerce","103611096910731272846","31","718"
"brands","ecommerce","20","Alza.cz","113255604026017568411","2","538"
"brands","ecommerce","21","Cdiscount","118231325937626419482","","397"
"brands","ecommerce","22","stuff.co.nz","103399355275576421007","","363"
"brands","ecommerce","23","Artisla","108682404448984733191","142","350"
"brands","ecommerce","24","MetroDeal Philippines","101663244033239513095","11","319"
"brands","ecommerce","25","VoucherCodes.co.uk","102373209014405690244","104","272"
"brands","ecommerce","26","Okuoku","100346298547526354281","","230"
"brands","ecommerce","27","redcoon España","108088736969870769195","","220"
"brands","ecommerce","28","Total Fitness Spain SL","102809690926366542076","371","212"
"brands","ecommerce","29","OTTO Österreich","101752169729845356130","58","183"
"brands","ecommerce","30","Zando.co.za","111108881455455267579","126","172"
"brands","ecommerce","31","Dollar General","116445175623844757283","2","169"
"brands","ecommerce","32","Legendary Whitetails","115635626876304142845","147","143"
"brands","ecommerce","33","220volt.hu","108508718281670904300","130","140"
"brands","ecommerce","34","T.S.BOHEMIA","118438071734582662664","","135"
"brands","ecommerce","35","Trade Me","115536628405929483139","23","126"
"brands","ecommerce","36","New Zealand Fine Prints","112876067787865876610","","104"
"brands","ecommerce","37","Technodom_kz","102477403190425892987","72","93"
"brands","ecommerce","38","Klocki24.com - LEGO Bricks Store","108566238563861588931","61","80"
"brands","ecommerce","39","Ski a Bike Centrum Radotín","114720563158044792947","1","57"
"brands","ecommerce","40","Descontoslusos - Descontos e Promoções","112624304212173510673","101","50"
"brands","ecommerce","41","BUT","113137258831290058341","12","47"
"brands","ecommerce","42","Campervan Hire New Zealand","107494202576859618299","","46"
"brands","ecommerce","43","The Kewl Shop","107155023737045308535","123","39"
"brands","ecommerce","44","Диалон","108546898299432422506","","37"
"brands","ecommerce","45","Árukereső","108259207763811514471","","33"
"brands","ecommerce","46","KNIHCENTRUM.cz","106120067774291757656","4","33"
"brands","ecommerce","47","Skibi Kids Shop","107939517797419498251","2","30"
"brands","ecommerce","48","Indojilbab.com","115594130462318191327","4","26"
"brands","ecommerce","49","MammaFashion","111844367293904375427","4","21"
"brands","ecommerce","50","FunDeal.ro","104077519429134596599","5","20"
"brands","ecommerce","51","SmartBuyGlasses New Zealand","107235729617231739656","","15"
"brands","ecommerce","52","BijouxRoom","110895368171575170471","1","12"
"brands","ecommerce","53","Miljoenenspel","101017145330805372923","","10"
"brands","ecommerce","54","PoshBags4rent","113039253012792617064","2","8"
"brands","ecommerce","55","Posters.cz","116272956346801759918","1","7"
"brands","ecommerce","56","Takeportugal.com","102597236925772867897","2","7"
"brands","ecommerce","57","Интернет-магазин www.svetofor.kg","114114874323909841982","","6"
"brands","ecommerce","58","Ledlight-World","100545967457340123908","","3"
"brands","telecom","1","Vodafone Egypt","104102007718704665034","","350278"
"brands","telecom","2","Vodafone España","102442528629962620584","","239128"
"brands","telecom","3","Vodafone IT","102400060846904869360","23","111222"
"brands","telecom","4","TIM","115059883502484074676","","110918"
"brands","telecom","5","O2 in the UK","110076747397325874678","167","69736"
"brands","telecom","6","Telstra","101212404445568930918","4717","38668"
"brands","telecom","7","Orange France","105593086134906885039","510","34581"
"brands","telecom","8","Vodafone Australia","109648020288135720670","","31658"
"brands","telecom","9","AT&amp;T","111315125550019591892","1322","22909"
"brands","telecom","10","T-Mobile","101502056223282249599","3109","19080"
"brands","telecom","11","Bouygues Telecom","104558044499868338140","12","19052"
"brands","telecom","12","Joe Mobile","109586324059498390394","","17144"
"brands","telecom","13","Vodafone CZ","101867395303394048249","3788","12295"
"brands","telecom","14","T-Mobile CZ","110122735332638589319","","12055"
"brands","telecom","15","O2 CZ","112551246945996575179","4933","11692"
"brands","telecom","16","SOSH","105821463680288539754","41","4578"
"brands","telecom","17","tmn","105326241943786667352","","2073"
"brands","telecom","18","Verizon Wireless / A Wireless Premium Retailer","116546451199245504307","","1382"
"brands","telecom","19","SFR","113745061295301596108","","948"
"brands","telecom","20","Orange Polska","110545126968036230722","3","772"
"brands","telecom","21","Tata Docomo","112686384614799566298","","601"
"brands","telecom","22","Ярослав Смирнов","116270253365486552572","","547"
"brands","telecom","23","VIVACOM","110121624889953259568","","446"
"brands","telecom","24","Fido","101631444921817475106","243","416"
"brands","telecom","25","Mtel","110522837833088853162","15","393"
"brands","telecom","26","SAPO","111905015404301701945","","375"
"brands","telecom","27","Orange Moldova","108624071160091761276","200","248"
"brands","telecom","28","life:)","113751413511117680237","238","240"
"brands","telecom","29","AXIS Telekom Indonesia","116395415348646777200","3","221"
"brands","telecom","30","TelstraClear","115650171945122959235","75","192"
"brands","telecom","31","Claro Nicaragua","113063454751855621948","","168"
"brands","telecom","32","Nuvola Italiana","116482787743400636601","302","117"
"brands","telecom","33","Call me","100675642625051015347","","98"
"brands","telecom","34","Orcon","118183559956276813249","39","92"
"brands","telecom","35","Wataniya Telecom Maldives","101988721438324238029","72","72"
"brands","telecom","36","Claro El Salvador","106406492439875325169","","69"
"brands","telecom","37","Phone House","110637691377766585076","26","62"
"brands","telecom","38","goneo","102456968158002435989","22","47"
"brands","telecom","39","Cisco Australia and New Zealand","114925938460959019121","4","24"
"brands","telecom","40","Typhone.nl","100817429598207311584","","18"
"brands","telecom","41","Hutch Sri Lanka","106971726594692428851","6","17"
"brands","telecom","42","AGSAT","112623797671958185261","1","5"
"brands","travel","1","alpharooms.com","105316020863782198271","22","826971"
"brands","travel","2","Carnival","117229741441856959630","","770864"
"brands","travel","3","KAYAK","103620450609311442899","5","527916"
"brands","travel","4","Hotels.com","104625307416654897205","","456400"
"brands","travel","5","CI Intercâmbio","104729727593201656305","17","248781"
"brands","travel","6","Royal Caribbean International","115812904483210983634","","82015"
"brands","travel","7","Setur","117238378764452583906","2","53544"
"brands","travel","8","PriceTravel","105711492067281483609","358","18267"
"brands","travel","9","Croatia","106107995487805326634","38","4005"
"brands","travel","10","Eero Ikonen","102487601764517044589","532","2420"
"brands","travel","11","EscapadaRural","103219221194123010955","350","1740"
"brands","travel","12","RegioJet","112838561327709331352","5","1364"
"brands","travel","13","Paul George","111374729255941493333","4805","1186"
"brands","travel","14","Schneehoehen","103623290606680204547","515","727"
"brands","travel","15","Wimdu","115291734276326998816","","700"
"brands","travel","16","Alsace","105544878127527974375","7","581"
"brands","travel","17","Destinoslusos - Turismo em Portugal","108425827955281089926","1424","503"
"brands","travel","18","Toprural","114744374856379155372","35","499"
"brands","travel","19","Adventure World Travel New Zealand","117851253073583320009","","430"
"brands","travel","20","FerienMesse Wien","108403464400960664180","432","416"
"brands","travel","21","Rhätische Bahn AG","103098053951043803661","","373"
"brands","travel","22","Strasbourg","113011297260912872464","5","352"
"brands","travel","23","Grand City Hotels GmbH","109811011711085747111","593","348"
"brands","travel","24","Shangri-La Hotels and Resorts","111377406789638718345","","315"
"brands","travel","25","Campaya","100511907129983898604","251","274"
"brands","travel","26","Schneemenschen GmbH","102759397522439987928","308","267"
"brands","travel","27","Transtree","117110636309445264637","112","235"
"brands","travel","28","Pegas Touristik Украина","109357811278150332642","2","225"
"brands","travel","29","Best Western Hotels GB","103745656708643468055","28","216"
"brands","travel","30","New Zealand 100% Pure","112918868367997604619","10","205"
"brands","travel","31","MyPlanet Sweden","100948626868031556596","64","196"
"brands","travel","32","Mulhouse","108515556816088840670","4","152"
"brands","travel","33","Côte d'Azur Tourisme","116031573761018157671","","148"
"brands","travel","34","Clubrural","105993566008767568125","211","134"
"brands","travel","35","Noël en Alsace","100205898929232724520","5","131"
"brands","travel","36","Abritel","115790190038218603249","70","103"
"brands","travel","37","Sweet Travel","100612799498101187718","107","97"
"brands","travel","38","Active New Zealand","117888794890571995647","22","88"
"brands","travel","39","TOPWakacje.pl - Ekskluzywne wakacje","114420869680201471086","","62"
"brands","travel","40","Stena Line Deutschland","108267155428301046782","46","50"
"brands","travel","41","Stena Line UK to Holland","114175834308738235380","40","36"
"brands","travel","42","BASE NAUTIQUE de Saint-Jean-de-Monts","108076602677280818774","","9"
"brands","travel","43","Panke Sprachreisen","109298024878851583185","2","6"
"brands","travel","44","Stena Line Norge","116166393883540460925","5","5"
"brands","retail","1","Saks Fifth Avenue","116198474890942904649","237","1236375"
"brands","retail","2","Neiman Marcus","116295821678648739069","12","442701"
"brands","retail","3","Mundo Walmart","103004422808131464209","874","300656"
"brands","retail","4","Macy's","116142452604357423186","","129659"
"brands","retail","5","Pier 1 Imports","110006117604043260823","60","70490"
"brands","retail","6","RadioShack","100139456300784928828","272","65829"
"brands","retail","7","Appliances Online","106721322151482890888","4682","44827"
"brands","retail","8","Avon Türkiye","108853865915123447415","","44019"
"brands","retail","9","Walmart","111852759168797891317","","6668"
"brands","retail","10","Fry's Electronics","105770605049937525517","","4834"
"brands","retail","11","Martinus.sk","105298604455878510673","16","1373"
"brands","retail","12","JEGS Performance","100400953228950622869","53","1098"
"brands","retail","13","Bacelar Equipamentos Médicos","100820593567450337851","1","950"
"brands","retail","14","MIGROS","110714429139637831637","","861"
"brands","retail","15","Salt Relax®","117100084921530029802","1055","803"
"brands","retail","16","dm drogerie markt Österreich","111150185900268572344","531","544"
"brands","retail","17","Alza.cz","113255604026017568411","2","538"
"brands","retail","18","Decathlon España","101576233796905832030","218","391"
"brands","retail","19","Total Fitness Spain SL","102809690926366542076","371","212"
"brands","retail","20","HAWTHORNE CAT","109515552641785969542","192","152"
"brands","retail","21","British Business Group - BBGOnline","107060966444525575763","145","131"
"brands","retail","22","Technodom_kz","102477403190425892987","72","93"
"brands","retail","23","Klocki24.com - LEGO Bricks Store","108566238563861588931","61","80"
"brands","retail","24","Ski a Bike Centrum Radotín","114720563158044792947","1","57"
"brands","retail","25","Williams Hunt","106792910673885030741","108","49"
"brands","retail","26","Роникон","104660119437151211729","26","38"
"brands","retail","27","Skibi Kids Shop","107939517797419498251","2","30"
"brands","retail","28","Pietre di Rapolano","100334381091201205207","10","23"
"brands","retail","29","Ride 100 Percent - The Spirit of Racing","112613590343745571520","24","18"
"brands","retail","30","Shop New Zealand","116858388818220244316","4","17"
"brands","retail","31","DUKA","111326864554723874445","3","14"
"brands","retail","32","Dering Hall","105458805157515126686","1","14"
"brands","retail","33","Mobiliário Augusto Guimarães","107018285201777238088","","2"
"brands","electronics","1","PlayStation","114766887193183719117","4723","2435530"
"brands","electronics","2","Samsung USA","104794915167914988036","435","768070"
"brands","electronics","3","Sony","107316151152900332757","13","630850"
"brands","electronics","4","Intel","111660275132722215045","885","398322"
"brands","electronics","5","Motorola Mobility","113884566566424587799","63","319622"
"brands","electronics","6","Dell","117161668189080869053","77","311314"
"brands","electronics","7","Nokia Brasil","115055292711632348257","458","271372"
"brands","electronics","8","Samsung Mobile USA","114303379611712597260","2729","269742"
"brands","electronics","9","Sony Xperia","117586446271921149656","1521","229270"
"brands","electronics","10","Sony Xperia Russia","107048753396228108489","5","194045"
"brands","electronics","11","Nokia India","116741474051080269553","9","116643"
"brands","electronics","12","Nokia","112705210904854516501","17","89904"
"brands","electronics","13","HTC","105983594520322058171","11","80623"
"brands","electronics","14","PlayStation France","107386318529226337162","969","65661"
"brands","electronics","15","Sony PlayStation DE","113540013167694689284","","55475"
"brands","electronics","16","ASUS","115201921530304855679","","41502"
"brands","electronics","17","Samsung Mobile France","116674033324666409188","","27775"
"brands","electronics","18","XBOX 360","102164583090355722070","","19885"
"brands","electronics","19","IBM","100296114230478191916","","10408"
"brands","electronics","20","LG UK","116201787669297138479","703","4589"
"brands","electronics","21","FUJIFILM UK","102159967752475819521","2511","3022"
"brands","electronics","22","Samsung India","110243441679668196840","1","2997"
"brands","electronics","23","Sony UK","114265881236717379124","527","1308"
"brands","electronics","24","ASUS Australia &amp; New Zealand","110212706539166775788","4","722"
"brands","electronics","25","Lenovo Australia and New Zealand","109635438370746359018","112","306"
"brands","electronics","26","Hella Italia","117397050735519758180","","90"
"brands","electronics","27","GIGABYTE France","101340414220367217339","361","82"
"brands","electronics","28","Sony New Zealand","107778743156437123935","","63"
"brands","electronics","29","Samsung Algérie","114680040106716443819","","51"
"brands","electronics","30","FUJIFILM New Zealand","115243035977550181938","4","11"
"brands","electronics","31","RaceChip Chiptuning GmbH &amp; Co. KG","113963663036060693889","",""
"brands","fmcg","1","Cadbury UK","117517201037060589294","1991","2853880"
"brands","fmcg","2","Red Bull","105379671042990608528","","1638327"
"brands","fmcg","3","Coca-Cola","113050383214450284645","","827704"
"brands","fmcg","4","Pepsi","111883881632877146615","","645609"
"brands","fmcg","5","King Arthur Flour","107861693770387399121","766","121813"
"brands","fmcg","6","カップヌードル","114045310347672903924","","75948"
"brands","fmcg","7","L'Oréal Paris France","101258342230925570027","128","49511"
"brands","fmcg","8","AXE Brasil","114574907627539031804","","46801"
"brands","fmcg","9","Old Spice","118334938625732488383","22","11083"
"brands","fmcg","10","Vaseline","114720987659735726455","","9179"
"brands","fmcg","11","Valio","100450625913577466486","67","269"
"brands","fmcg","12","Mixit","112273762689255180266","8","192"
"brands","fmcg","13","Garnier Deutschland","114081627279891111356","","141"
"brands","fmcg","14","Lancôme France","110858659462358959246","","102"
"brands","fmcg","15","ecostore New Zealand","105824270356243859928","28","92"
"brands","fmcg","16","Danone down to Earth","117544122983142374271","92","87"
"brands","fmcg","17","PULEVAsalud","106534922575954961394","11","74"
"brands","fmcg","18","Watsons Türkiye","103761490947113580772","","69"
"brands","fmcg","19","vitaminwater france","110511169009454555946","49","37"
"brands","fmcg","20","evian","118323559203819715117","","33"
"brands","fmcg","21","Lancôme Australia","101758161057343442349","","27"
"brands","fmcg","22","Avon Australia &amp; New Zealand","117877703244420262744","","26"
"brands","fmcg","23","Silueta","111297202869469540609","32","25"
"brands","fmcg","24","Knorr Deutschland","110729367263351518854","","25"
"brands","fmcg","25","Medical Cannabis Spain","101972158410610322411","16","24"
"brands","fmcg","26","CEMIX New Zealand","115928916562421101616","","14"
"brands","fmcg","27","Elephant House","107876520779442503118","7","13"
"brands","fmcg","28","Pasteles de Fondant","101435030816742088691","3","10"
"brands","fmcg","29","Domowe Pralinki Kobux","107091998273058060854","1","4"
"brands","finance","1","Progressive Insurance","104375753734524612611","35","135475"
"brands","finance","2","Direct Seguros","105251584389998255512","18","101491"
"brands","finance","3","GTBank","112780164805312372767","3984","4827"
"brands","finance","4","Allstate Insurance","114398740575214341621","892","2432"
"brands","finance","5","mBank.cz","104107420290783906781","3","943"
"brands","finance","6","ASB Bank","112000357075275622853","560","816"
"brands","finance","7","MoneySupermarket","100325492673834330325","139","697"
"brands","finance","8","Banco Sabadell","103379713856296741354","475","588"
"brands","finance","9","Air Bank","106424032899130151734","","531"
"brands","finance","10","21st Century Insurance","106828072611996145441","","336"
"brands","finance","11","BNZ","108647212342775839875","282","301"
"brands","finance","12","mBank.sk","117537343866470660497","","222"
"brands","finance","13","Яндекс.Деньги","111483458547729035315","","221"
"brands","finance","14","Chill Insurance","117089418187498101395","20","197"
"brands","finance","15","ABN AMRO Commercial Finance","104851938554684494446","57","176"
"brands","finance","16","BankAsya","111374977674534046810","2","174"
"brands","finance","17","ПУМБ","101931603055770550506","3","125"
"brands","finance","18","UniCredit Bulbank","110935930264254727157","23","94"
"brands","finance","19","Ditzo","112297374902763930767","","66"
"brands","finance","20","International Fund for Agricultural Development","104946654582685330240","53","65"
"brands","finance","21","AsyaCard","108349629835690918095","2","62"
"brands","finance","22","Liberty Bank (ლიბერთი ბანკი)","102671513950155890836","1","58"
"brands","finance","23","Órama","114446086159924405520","2","44"
"brands","finance","24","Diners Club Italia","115461650049523400312","42","38"
"brands","finance","25","kautionsfrei","116699882723542176627","12","29"
"brands","finance","26","Platinum Bank","106502578349453037385","","22"
"brands","finance","27","Massachusetts Mortgage Bankers Association","109265780885165281758","18","21"
"brands","finance","28","AsyaEmeklilik","106660241261362258393","2","20"
"brands","finance","29","ASR Verzekeringen","113687605244959411612","","19"
"brands","finance","30","Banco Central de Reserva del Perú","106959235468896079314","1","13"
"brands","finance","31","""Capital Asset Management"" CJSC","107538287503152128103","","3"
"brands","finance","32","Freeway Insurance","115788915371465721614","8","2"
"brands","finance","33","Finanziamo.de","104010223833178664635","",""
"brands","education","1","Stanford University","102312438958695854492","","15350"
"brands","education","2","Johns Hopkins University","109943622158643080618","111","1768"
"brands","education","3","University of Notre Dame","104350764306873039523","","1517"
"brands","education","4","The University of New South Wales","111903100874922618094","4","1135"
"brands","education","5","The University of Auckland","100046108706222682630","47","563"
"brands","education","6","Unitec | La Universidad Global de Honduras","106773933915073014984","","179"
"brands","education","7","Green Forest - Курси англійської мови","117855983761419497673","172","176"
"brands","education","8","OnlineEnglishClassroom.com","107557281692788006628","142","146"
"brands","education","9","Wall Street Institute Germany","103219199286529376551","121","123"
"brands","education","10","Ohio State University Extension","106017749796649825932","","115"
"brands","education","11","Томский политехнический университет","108506592997083081770","4","114"
"brands","education","12","Fakulta strojní VŠB–Technická univerzita Ostrava","105033576599791215783","74","74"
"brands","education","13","Crown Institute of Studies","102331887192005784703","114","68"
"brands","education","14","Final Dergisi Dershaneleri","100840339318176172605","69","67"
"brands","education","15","JIBC: Justice Institute of British Columbia","103986427585859901622","13","54"
"brands","education","16","Parque Explora","114863977465169963907","48","48"
"brands","education","17","Munich Business School","103715676168114494694","","28"
"brands","education","18","TerraFirme - Educação e Gestão Patrimonial","106599777341263057490","15","20"
"brands","education","19","National University College Online","116868262730963720765","8","20"
"brands","education","20","Formación Gerencial Internacional","104982511093191752341","","15"
"brands","education","21","Protección Online","103454778547122291287","5","11"
"brands","education","22","Final Dergisi Dershaneleri","117993511421199110447","8","11"
"brands","education","23","Espaço Cultural Morumbi do Método DeRose","105411924323945780418","1","6"
"brands","education","24","Panke Sprachreisen","109298024878851583185","2","6"
"brands","place","1","Van Gogh Museum","105064358310097610462","170","1527331"
"brands","place","2","Saatchi Gallery","110324919597691495688","576","447871"
"brands","place","3","Neiman Marcus","116295821678648739069","12","442701"
"brands","place","4","Cinépolis","117623056519961937698","","33862"
"brands","place","5","Salsa Libre","113613313898560660711","4209","7792"
"brands","place","6","Walmart","111852759168797891317","","6668"
"brands","place","7","Galeries Lafayette","106239003106536529734","","3171"
"brands","place","8","Happy Art Museum","108452226075672915777","4854","2458"
"brands","place","9","Best Western Hotels Deutschland","117580265025291304826","337","803"
"brands","place","10","Joseph K. Levene Fine Art, Ltd.","108064384905305757851","761","438"
"brands","place","11","Frederic Chopin Airport","101392966460773531262","23","339"
"brands","place","12","Shangri-La Hotels and Resorts","111377406789638718345","","315"
"brands","place","13","Rotorua, New Zealand","117305007508043087282","55","256"
"brands","place","14","Hortensia House Garden - New Zealand","109058061483543776850","193","246"
"brands","place","15","Mana Bar Brisbane","115424325461815261837","2","223"
"brands","place","16","SKYCITY Auckland","103216935424075176144","39","139"
"brands","place","17","Parque Explora","114863977465169963907","48","48"
"brands","place","18","puskesmas jombang","101305850018013992340","1","44"
"brands","place","19","ZOC MAX Poprad","116353978329493701287","13","31"
"brands","place","20","Red Bar","114545138069169767422","","19"
"brands","place","21","Gabinete de Estética Isabel Oliveira","104516732799142291486","14","18"
"brands","place","22","Palais des Congrès ODYSSEA","115880152571995478039","","7"
"brands","place","23","The Hotel Alex Caracas","107013262464927838076","","2"
"brands","fashion","1","H&amp;M","115900903196483234016","","2576724"
"brands","fashion","2","Burberry","110651620964477160777","","2212289"
"brands","fashion","3","HUGO BOSS","112777591609293686046","","1874202"
"brands","fashion","4","Lacoste","103204874627716826108","","1459353"
"brands","fashion","5","Versace","117687935592895002485","","811609"
"brands","fashion","6","Armani","103040800087248429912","","562774"
"brands","fashion","7","Diesel","108437804585135129011","","535185"
"brands","fashion","8","Material Girl Collection","108270068536924368976","","471496"
"brands","fashion","9","Christian Dior","101201217262527472631","","469667"
"brands","fashion","10","CHANEL","116825723174598498921","","199378"
"brands","fashion","11","adidas Originals","106254040153410061162","","50916"
"brands","fashion","12","Fendi","113339856913548876369","","47554"
"brands","fashion","13","Roberto Cavalli","115077526143619183472","","7150"
"brands","fashion","14","Victoria's Secret","108463982724784161900","","6639"
"brands","fashion","15","PUMA","104669966392494074522","","4564"
"brands","fashion","16","MAMMUT","109361968576968191732","116","1817"
"brands","fashion","17","New Yorker","107365390392191305325","875","905"
"brands","fashion","18","Dorothy Perkins","109098274694576003751","58","436"
"brands","fashion","19","Fastrack","110995889423529194145","4","358"
"brands","fashion","20","Bebemon Artículos para Bebés","104237823340069392905","139","198"
"brands","fashion","21","Haine MariSSa","118256022871253527986","61","38"
"brands","fashion","22","NORTHWESTFUR","101502730678995112626","10","1"
"brands","airlines","1","British Airways","118273432073223027828","","1689973"
"brands","airlines","2","KLM","103513889298708372694","","1340557"
"brands","airlines","3","Delta","105262277181558986338","","1290178"
"brands","airlines","4","Emirates","102474946855971646805","383","608286"
"brands","airlines","5","GOL Linhas Aéreas Inteligentes","110309663598680066334","21","420826"
"brands","airlines","6","Malaysia Airlines","116267655426178392818","31","122803"
"brands","airlines","7","Turkish Airlines","110917299073396811011","","40510"
"brands","airlines","8","Air New Zealand","113082467449938178898","","31914"
"brands","airlines","9","Alitalia","113375153773105297464","101","21694"
"brands","airlines","10","Etihad Airways","108631498511348400766","46","7307"
"brands","airlines","11","JetBlue","117280911907790899762","848","6204"
"brands","airlines","12","Alaska Airlines","110139010762037049365","1","3794"
"brands","airlines","13","Air France","104102114701503348151","1","3457"
"brands","airlines","14","Cathay Pacific Airways 國泰航空","109489300837768526620","162","1828"
"brands","airlines","15","Hawaiian Airlines","115090810741600168808","7","1259"
"brands","airlines","16","Bangkok Airways","102306758369605976210","4","595"
"brands","airlines","17","Lufthansa Systems","110758521466156692054","","509"
"brands","airlines","18","SriLankan Airlines","104473279840866026366","5","424"
"brands","airlines","19","Bulgaria Air","113126356516876045098","","390"
"brands","airlines","20","South African Airways","107456504737009653748","","317"
"brands","airlines","21","SeaPort Airlines","104814860738363338956","98","242"
"brands","airlines","22","Jet Airways","114419177863045702602","","125"
"brands","airlines","23","Air Caraïbes","112077873375429145406","4","117"
"brands","airlines","24","Air New Zealand","115477138655411476381","","31"
"brands","airlines","25","Air Tahiti Nui New Zealand","114815592497637533436","30","27"
"brands","airlines","26","Pacific Airways, Inc.","111106055787853914019","","24"
"brands","airlines","27","BB Airways","107915324842006656798","12","6"
"brands","airlines","28","Aeronux Airways","109040219403085066211","1","2"
"brands","nonprofit","1","National Wildlife Federation","108043104556093709906","","246633"
"brands","nonprofit","2","Greenpeace Brasil","110950249320295217278","35","68608"
"brands","nonprofit","3","Greenpeace Argentina","103557476860041633650","37","54121"
"brands","nonprofit","4","Khan Academy","109050230672993035916","","29720"
"brands","nonprofit","5","WWF","114176126428866920097","51","27269"
"brands","nonprofit","6","Amnesty International USA","101853998869384194597","5","8824"
"brands","nonprofit","7","Greenpeace USA","117432332472240529836","39","4948"
"brands","nonprofit","8","British Red Cross","110697776701340759481","35","2892"
"brands","nonprofit","9","Громадянська мережа Опора","115936504522744869811","326","2295"
"brands","nonprofit","10","AYUSH Adivasi Yuva Shakti (adiyuva)","103801329114961339077","3250","1638"
"brands","nonprofit","11","Greenpeace Colombia","106641570823052820676","","1612"
"brands","nonprofit","12","Amnesty International Deutschland","116549137867903459958","","1427"
"brands","nonprofit","13","Greenpeace Aotearoa NZ","113700012936153159207","31","848"
"brands","nonprofit","14","British Council Sri Lanka","112382993466551993129","32","157"
"brands","nonprofit","15","UNDP Türkiye","107189645357126212337","24","126"
"brands","nonprofit","16","AIESEC Medina - Tunisia","118107948198197260335","1","106"
"brands","nonprofit","17","Creu Roja a Girona","103514750358640705901","35","82"
"brands","nonprofit","18","New Zealand Association Resource Centre Trust","110154315991793645678","5","78"
"brands","beauty","1","HUGO BOSS","112777591609293686046","","1874202"
"brands","beauty","2","Sephora","101139054682230153939","75","720802"
"brands","beauty","3","Christian Dior","101201217262527472631","","469667"
"brands","beauty","4","CHANEL","116825723174598498921","","199378"
"brands","beauty","5","L'Oréal Paris France","101258342230925570027","128","49511"
"brands","beauty","6","AXE Brasil","114574907627539031804","","46801"
"brands","beauty","7","Avon Türkiye","108853865915123447415","","44019"
"brands","beauty","8","Mary Kay","118058794383720702307","294","28478"
"brands","beauty","9","Old Spice","118334938625732488383","22","11083"
"brands","beauty","10","Vaseline","114720987659735726455","","9179"
"brands","beauty","11","ghd","111345606627413545277","","156"
"brands","beauty","12","Garnier Deutschland","114081627279891111356","","141"
"brands","beauty","13","Lancôme France","110858659462358959246","","102"
"brands","beauty","14","Watsons Türkiye","103761490947113580772","","69"
"brands","beauty","15","EUGENE PERMA Paris","107593704945230130362","25","29"
"brands","beauty","16","Lancôme Australia","101758161057343442349","","27"
"brands","beauty","17","Avon Australia &amp; New Zealand","117877703244420262744","","26"
"brands","beauty","18","Gabinete de Estética Isabel Oliveira","104516732799142291486","14","18"
"brands","beauty","19","Fudge","112419933077563830787","13","10"
"brands","retail-food","1","Starbucks Coffee","117575809843355974839","100","1258936"
"brands","retail-food","2","Wendy's","117233332742362932169","","260306"
"brands","retail-food","3","Almirón","115240997614841805902","39","48159"
"brands","retail-food","4","McDonald's","106062813186522446847","","19424"
"brands","retail-food","5","McDonald's Deutschland","105635599829575558461","","1393"
"brands","retail-food","6","Caffenio","108544754545265612583","75","113"
"brands","retail-food","7","Telepizza Portugal","100691367066278181135","48","97"
"brands","retail-food","8","Café Britt - Australia and New Zealand","117186847812310503545","3","96"
"brands","retail-food","9","McDonald's New Zealand","113029435754452143706","","82"
"brands","retail-food","10","Domino's Pizza NZ","108998125323453128114","","49"
"brands","retail-food","11","KFC Sri Lanka","102194151056925751632","36","48"
"brands","retail-food","12","RestauranteWeb","114294080147106794622","4","35"
"brands","retail-food","13","Cupcakes Heaven","102085170882127020042","1","31"
"brands","alcohol","1","Pivovar Svijany","115688218664497632782","19","17992"
"brands","alcohol","2","Adnams","106936801775292236092","668","836"
"brands","alcohol","3","Quilmes Cerveza","116411920095172188218","","147"
"brands","alcohol","4","Sileni Estates","105574084324243131344","6","75"
"brands","alcohol","5","Corona Extra Europe","103655951267549863631","","71"
"brands","alcohol","6","Nova Schin","112233504207798626934","2","58"
"brands","alcohol","7","Stella Artois Argentina","108104363756814324272","","57"
"brands","alcohol","8","Smirnoff Brasil","117629356992344857197","","56"
"brands","alcohol","9","Paulaner El Salvador","116573512906947215841","4","21"
"brands","alcohol","10","Millésima SA","103678989517837992632","","13"
"brands","alcohol","11","Nova Schin","102899388049889625438","","12"
"brands","alcohol","12","Jurupinga Dinalle - Vinho Branco","107239197004221151960","2","2"
"brands","health","1","Virgin Active SA","109110819653513726512","70","11267"
"brands","health","2","Bacelar Equipamentos Médicos","100820593567450337851","1","950"
"brands","health","3","LMen","105407860227978269372","","65"
"brands","health","4","puskesmas jombang","101305850018013992340","1","44"
"brands","health","5","Диалон","108546898299432422506","","37"
"brands","health","6","Physiotherapie Urs Brand","113743950591890998543","37","18"
"brands","health","7","Farmacity Te Cuida","117112186609650001327","1","9"
"brands","health","8","Svět zdraví ACTIVE","116691262064786888501","","3"
"brands","games","1","Angry Birds","118177253929143457733","2","4132595"
"brands","games","2","Gameloft","105579962099557805816","3","1535587"
"brands","games","3","Com2uS","105847071703968462074","","518"
"brands","games","4","EA Games Australia, New Zealand &amp; South Africa","100057809839673829089","1","438"
"brands","games","5","HandyGames","103216805066358825253","1","75"
"brands","games","6","Pluto Games","100886044651970937486","19","8"
"brands","industry","1","Bord Gáis Energy","114630211905217728697","2188","2198"
"brands","industry","2","Bauen &amp; Energie Wien","111968793203003536103","281","451"
"brands","industry","3","SeaSucker Australia &amp; New Zealand","105437118059214283675","162","246"
"brands","industry","4","VIENNA-TEC","104207760575808606651","177","70"
"brands","industry","5","Progressive Automations","101158024302789506665","","8"
"brands","industry","6","Energetické centrum","115730568970679143941","2","7"
"brands","industry","7","BURSAGAZ","110099069952971219268","4","5"
"brands","software","1","Android","104629412415657030658","","3032434"
"brands","software","2","Linux","109995262342451767357","","200087"
"brands","software","3","avast! Antivirus","102077833873126564701","5","27079"
"brands","software","4","Cezanne OnDemand","111527841522776654821","25","38"
"brands","software","5","Cezanne Software","108995503468978134891","6","17"
"brands","software","6","binaerschmiede.at","116266277919199431110","29","10"
"brands","website","1","KAYAK","103620450609311442899","5","527916"
"brands","website","2","Designmodo","100967446073277572745","","6885"
"brands","website","3","Schneemenschen GmbH","102759397522439987928","308","267"
"brands","sport","1","MAMMUT","109361968576968191732","116","1817"
"brands","sport","2","Decathlon España","101576233796905832030","218","391"
"brands","sport","3","Ride 100 Percent - The Spirit of Racing","112613590343745571520","24","18"
"brands","jewelry-watches","1","Swarovski","108821434839257367995","4669","591200"
"brands","jewelry-watches","2","Lidyana.com","105748198912324170416","47","116"
"brands","jewelry-watches","3","Retro Dućan","115185020636485112598","20","10"
"brands","state-institution","1","NRMA","113947095552442251743","758","563"
"brands","state-institution","2","PostAuto Schweiz AG","101021024334029323704","","49"
"brands","agency","1","WE ARE WEB - Agence interactive","107520085892647815095","","5"
"brands","agency","2","Ifthikar Aslam","118020670302947607031","235",""
"brands","music","1","5 Alarm Music","106001809533023880517","","7"
"brands","event","1","Wohnen &amp; Interieur","111877791867059924689","289","291"
"brands","festival","1","Droidcon Berlin","108591961893121462921","659","1443"
"brands","blog","1","Designmodo","100967446073277572745","","6885"
"brands","pharma","1","AkzoNobel","100729758437300934317","","251"
"brands","production-company","1","ELLO","112982958652513724110","","307112"
"celebrities","person","1","David Beckham","108846998869637201361","155","4871398"
"celebrities","person","2","Tom Anderson","112063946124358686266","","4641307"
"celebrities","person","3","Richard Branson","113544226688149802325","48","4093549"
"celebrities","person","4","Vic Gundotra","107117483540235115863","","4044962"
"celebrities","person","5","Guy Kawasaki","112374836634096795698","22","4036197"
"celebrities","person","6","Sergey Brin","109813896768294978296","","3482457"
"celebrities","person","7","Dalai Lama","108551811075711499995","","3266290"
"celebrities","person","8","Maria Bartiromo","107420422968461975442","","3185894"
"celebrities","person","9","Ron Garan","116214152295449083654","629","2992220"
"celebrities","person","10","Jim Cramer","110906874090916136949","151","2961276"
"celebrities","person","11","Harvey Levin","116217476749222049928","102","2756597"
"celebrities","person","12","Bradley Horowitz","113116318008017777871","2382","2661932"
"celebrities","person","13","Sarah Hill","107323726887023845557","4541","2658771"
"celebrities","person","14","Amanda Blain","107982618909749811163","","2619275"
"celebrities","person","15","Jessi June","106073502505833617615","","2537626"
"celebrities","person","16","Hilah Johnson","111670174652522104431","391","2476831"
"celebrities","person","17","April Summers","109709900240523274422","","2273312"
"celebrities","person","18","Tim O'Reilly","107033731246200681024","561","2238812"
"celebrities","person","19","Jeff Jarvis","105076678694475690385","1060","2237698"
"celebrities","person","20","Mike Elgan","113117251731252114390","","2205459"
"celebrities","person","21","Muhammad Yunus","114848435876861502546","","2159866"
"celebrities","person","22","Marshall Kirkpatrick","117421021456205115327","1225","2124001"
"celebrities","person","23","Veronica Belmont","100518419853963396365","355","2044498"
"celebrities","person","24","Cali Lewis","103493459351957813291","255","1986051"
"celebrities","person","25","Dwyane Wade","100892500100144569705","6","1934877"
"celebrities","person","26","Brit Morin","106665185918564754695","309","1902337"
"celebrities","person","27","Herb Greenberg","107858226132224039781","49","1860167"
"celebrities","person","28","Lianne Lin","104127408853912104286","4766","1700170"
"celebrities","person","29","Brian Brushwood","108894779805940659869","431","1698866"
"celebrities","person","30","Loic Le Meur","108082478497335384404","685","1682609"
"celebrities","person","31","Michelle Marie","114618043230336563405","1021","1596019"
"celebrities","person","32","Pete Cashmore","101849747879612982297","162","1589371"
"celebrities","person","33","Amber Mac","113801236315350503728","195","1585960"
"celebrities","person","34","LeBron James","109908435403153802108","4","1581180"
"celebrities","person","35","Steven Levy","109074857816744029470","","1568763"
"celebrities","person","36","MG Siegler","107753428759636856492","444","1555755"
"celebrities","person","37","Nick Bilton","109174551750397653742","329","1544784"
"celebrities","person","38","ze frank","101720949843787442951","2160","1536927"
"celebrities","person","39","Scott Beale","104450760987525660219","1311","1463490"
"celebrities","person","40","Mark Cuban","106318111152683661692","149","1343503"
"celebrities","person","41","Matthew Inman","100193529331792590881","69","1286464"
"celebrities","person","42","Jay Smooth","113047102292798770205","600","1205284"
"celebrities","person","43","Philip DeFranco","101222125576635425546","16","1192495"
"celebrities","person","44","Gina Trapani","113612142759476883204","507","1192096"
"celebrities","person","45","Kassem G","110067835153954222370","2043","1105164"
"celebrities","person","46","Graham Linehan","102626129336565123728","632","1077951"
"celebrities","person","47","Howard Rheingold","105273428597140573510","","1030452"
"celebrities","person","48","Justine Ezarik","100262595546646927505","","864745"
"celebrities","person","49","Anthony Quintano","113027837615023628132","","787739"
"celebrities","person","50","Jason Calacanis","103716847685048716973","","724031"
"celebrities","person","51","Charles Trippy","112048070794252585618","108","708823"
"celebrities","person","52","Mark Zuckerberg","104560124403688998123","","651293"
"celebrities","person","53","Marissa Mayer","118207880179234484610","265","637168"
"celebrities","person","54","Clayton Morris","114549564725160709822","533","613272"
"celebrities","person","55","Adam Pash","111666959095947698908","157","584614"
"celebrities","person","56","Erin Andrews","111952642093556825738","10","518779"
"celebrities","person","57","أحمد الشقيري","106860686542662147494","","486630"
"celebrities","person","58","Michael Dell","100523784851251213675","","332448"
"celebrities","person","59","Mauricio Jaramillo Marín","103638979878037865007","3166","60202"
"celebrities","person","60","Zee M Kane","103907806627406122152","11","41410"
"celebrities","person","61","Iveta Fabešová","114040943083272923407","2356","15093"
"celebrities","person","62","Dylan Ko","105030245205289995850","","9866"
"celebrities","person","63","Joseph ABENA","101039966910534623651","","4011"
"celebrities","person","64","Angela Shivley","100207476365394910924","","3419"
"celebrities","person","65","Dags Vidulejs (HappyArtMuseum)","116991804066662697680","4207","1724"
"celebrities","person","66","Brent Pohlman","105485925499804329038","1925","1717"
"celebrities","person","67","Gizem Belen","106143660182531545656","118","1283"
"celebrities","person","68","Frank Da Silva","112082748565101045815","1696","1036"
"celebrities","person","69","Markus Krieg","112163979841009347337","","772"
"celebrities","person","70","Nicolas Becquet","100544715295152377351","96","90"
"celebrities","person","71","Byambatseren Surenjav","113291225630272307446","192","47"
"celebrities","person","72","Wes Lum","100275369366064591159","55",""
"celebrities","person","73","Henry Ford","114277687548103339609","",""
"celebrities","musician","1","Britney Spears","100000772955143706751","4304","6089495"
"celebrities","musician","2","Lady Gaga","106063255260898090789","1","6037347"
"celebrities","musician","3","Snoop Dogg","114474252347218597235","47","5211059"
"celebrities","musician","4","Usher","117108447922509773781","1","4529844"
"celebrities","musician","5","Coldplay","115209943765910868932","10","4265852"
"celebrities","musician","6","Ashley Tisdale","113413631123566181546","15","4254913"
"celebrities","musician","7","Alicia Keys","103077697604541281766","","3434187"
"celebrities","musician","8","Pitbull","117891208395394989624","8","3229253"
"celebrities","musician","9","50 Cent","114809488257853535663","6","2829742"
"celebrities","musician","10","Kina Grannis","113922681403146970349","","2616284"
"celebrities","musician","11","Paul Oakenfold","113899310637703974412","","2414070"
"celebrities","musician","12","deadmau5","113115642206299816868","","2263663"
"celebrities","musician","13","LIL JON","114060492157216568479","330","2231913"
"celebrities","musician","14","will.i.am","109351399938437494273","","2157815"
"celebrities","musician","15","Tiësto","104183633860868026585","","2076894"
"celebrities","musician","16","Dj ASHBA","108293390474428640235","17","2023807"
"celebrities","musician","17","Dolly Parton","115017188374689068228","","1923809"
"celebrities","musician","18","Spectacular “Yella  Boy” Smith","115020081348374234621","","1796493"
"celebrities","musician","19","Armin van Buuren","110933278795835298751","2","1762386"
"celebrities","musician","20","Paul van Dyk","105143888428940743935","","1654936"
"celebrities","musician","21","David GUETTA","113477554183551820513","","1430527"
"celebrities","musician","22","Soulja Boy","116381176537835440497","15","1412044"
"celebrities","musician","23","Joe Satriani","107940613488592745009","19","1269477"
"celebrities","musician","24","Terra Naomi","118297780429110098708","215","1225847"
"celebrities","musician","25","Sammy Hagar","107264515902167457136","7","1177830"
"celebrities","musician","26","Pete Wentz","111431694377519332046","34","602669"
"celebrities","musician","27","Linkin Park","108224757437677099038","","583229"
"celebrities","musician","28","Amr Diab","107580832626135573685","","538282"
"celebrities","musician","29","BEAST","106585838775304421738","7","493187"
"celebrities","musician","30","Chamillionaire The Ceo","109216934655960242235","","421388"
"celebrities","musician","31","Tamer Hosny","105577557943656149766","","390230"
"celebrities","musician","32","Шима","105259128647673094568","","206736"
"celebrities","musician","33","五月天阿信","115853687516887974413","36","91765"
"celebrities","musician","34","Iron Maiden","113190342152462157683","","29971"
"celebrities","musician","35","Epica","104909565346578074210","2","4859"
"celebrities","musician","36","Blind Guardian","105460529552942083672","2","3069"
"celebrities","musician","37","Slightly Stoopid","114464224336023668524","","522"
"celebrities","musician","38","James Taylor","113385251908380599501","31","493"
"celebrities","musician","39","Kirko Bangz","105963479376293400750","","422"
"celebrities","musician","40","Noisia","116953509631921091412","","407"
"celebrities","musician","41","Fc Hey Gaga","110407027724745536148","95","281"
"celebrities","musician","42","Mayer Hawthorne","116108032519841445258","","141"
"celebrities","musician","43","Sertab Erener","103519080808179037790","",""
"celebrities","musician","44","Alexandra Stan","112906687757895917077","",""
"celebrities","musician","45","Avril Lavigne","105080980547983319487","1",""
"celebrities","singer","1","Britney Spears","100000772955143706751","4304","6089495"
"celebrities","singer","2","Lady Gaga","106063255260898090789","1","6037347"
"celebrities","singer","3","Snoop Dogg","114474252347218597235","47","5211059"
"celebrities","singer","4","Usher","117108447922509773781","1","4529844"
"celebrities","singer","5","Ashley Tisdale","113413631123566181546","15","4254913"
"celebrities","singer","6","Alicia Keys","103077697604541281766","","3434187"
"celebrities","singer","7","Pitbull","117891208395394989624","8","3229253"
"celebrities","singer","8","50 Cent","114809488257853535663","6","2829742"
"celebrities","singer","9","Kina Grannis","113922681403146970349","","2616284"
"celebrities","singer","10","LIL JON","114060492157216568479","330","2231913"
"celebrities","singer","11","will.i.am","109351399938437494273","","2157815"
"celebrities","singer","12","Dolly Parton","115017188374689068228","","1923809"
"celebrities","singer","13","Spectacular “Yella  Boy” Smith","115020081348374234621","","1796493"
"celebrities","singer","14","Mariah Carey","102943220293105257440","1","1665213"
"celebrities","singer","15","Soulja Boy","116381176537835440497","15","1412044"
"celebrities","singer","16","Terra Naomi","118297780429110098708","215","1225847"
"celebrities","singer","17","Sammy Hagar","107264515902167457136","7","1177830"
"celebrities","singer","18","Paul Wall","100972460481761964036","15","1143347"
"celebrities","singer","19","Lil Wayne","101892269165398528426","2","671598"
"celebrities","singer","20","Perry Farrell","105567850045961589845","311","626470"
"celebrities","singer","21","Anusha Dandekar","105307501702816887964","20","617151"
"celebrities","singer","22","Amr Diab","107580832626135573685","","538282"
"celebrities","singer","23","T- Pain","102472204830503422684","58","484416"
"celebrities","singer","24","Howie Dorough","113931009647189429317","642","471667"
"celebrities","singer","25","Chamillionaire The Ceo","109216934655960242235","","421388"
"celebrities","singer","26","Tamer Hosny","105577557943656149766","","390230"
"celebrities","singer","27","Trent Reznor","101483533411566453214","","323803"
"celebrities","singer","28","Шима","105259128647673094568","","206736"
"celebrities","singer","29","五月天阿信","115853687516887974413","36","91765"
"celebrities","singer","30","James Taylor","113385251908380599501","31","493"
"celebrities","singer","31","Kirko Bangz","105963479376293400750","","422"
"celebrities","singer","32","Fc Hey Gaga","110407027724745536148","95","281"
"celebrities","singer","33","Mayer Hawthorne","116108032519841445258","","141"
"celebrities","singer","34","Anggi RomaTama Siagian","114233608677820821354","","23"
"celebrities","singer","35","Sertab Erener","103519080808179037790","",""
"celebrities","singer","36","Alexandra Stan","112906687757895917077","",""
"celebrities","artist","1","Trey Ratcliff","105237212888595777019","1863","4654430"
"celebrities","artist","2","Thomas Hawk","104987932455782713675","3126","4628868"
"celebrities","artist","3","Colby Brown","113455290791279442483","","2365542"
"celebrities","artist","4","Alan Shapiro","114056084994793924628","2752","2208512"
"celebrities","artist","5","Kim Kardashian","113282502594600455788","885","1899314"
"celebrities","artist","6","Jennifer Bailey","105216491640488683417","","1878130"
"celebrities","artist","7","Mike Shaw","102518365620075109973","2098","1862217"
"celebrities","artist","8","Christopher Michel","113190229460560085138","477","1804928"
"celebrities","artist","9","Armin van Buuren","110933278795835298751","2","1762386"
"celebrities","artist","10","Lotus Carroll","102476152658204495450","3196","1682518"
"celebrities","artist","11","Scott Kelby","105256156026694816333","172","1682156"
"celebrities","artist","12","Olaf Bathke","104833564316573420990","867","1677036"
"celebrities","artist","13","Paul van Dyk","105143888428940743935","","1654936"
"celebrities","artist","14","Victor Bezrukov","101035196437264488455","2750","1647557"
"celebrities","artist","15","Patrick Di Fruscia","109330684746468207713","2571","1629299"
"celebrities","artist","16","Vivienne Gucwa","108527329601014444443","","1568114"
"celebrities","artist","17","Jim Goldstein","103486150650858067282","1369","1564496"
"celebrities","artist","18","Dave Powell","101793532287583914396","879","1562001"
"celebrities","artist","19","Lisa Bettany","118418436905562612953","536","1560405"
"celebrities","artist","20","Mihailo Radičević","114369704013100203178","180","1558859"
"celebrities","artist","21","Leanne Staples","105336425684208963598","","1558605"
"celebrities","artist","22","Dave Beckerman","116247667398036716276","1257","1551384"
"celebrities","artist","23","Mark Hoppus","106086121009771648314","","1119980"
"celebrities","artist","24","Michael Anthony","111326252849459841758","44","722102"
"celebrities","artist","25","Terje Sorgjerd","107543460658107759808","78","478755"
"celebrities","artist","26","Kjetil Greger Pedersen","102373191596205712937","2504","66845"
"celebrities","artist","27","Cortis Photographie","110021443357362778592","","6733"
"celebrities","artist","28","Marek Zender","101962655122339686375","4097","1090"
"celebrities","artist","29","Tatjana Marintschuk (Fotograf)","114689050394769163784","696","901"
"celebrities","artist","30","Ken LeBleu","117130536161975587334","747","816"
"celebrities","artist","31","Michael Buckley","107779207112674704151","58","685"
"celebrities","artist","32","Avril Lavigne","105080980547983319487","1",""
"celebrities","artist","33","Elena Kalis","114536133164105123829","",""
"celebrities","actor","1","Hugh Jackman","100021025784352405813","1","4334974"
"celebrities","actor","2","Ashley Tisdale","113413631123566181546","15","4254913"
"celebrities","actor","3","Felicia Day","110286587261352351537","","4055459"
"celebrities","actor","4","Jeri Ryan","101765416973555767821","","3097902"
"celebrities","actor","5","Paris Hilton","114055975301837030490","16","2849427"
"celebrities","actor","6","Dane Cook","117283174365630308265","","2796884"
"celebrities","actor","7","Casey McKinnon","114979733565079457374","","2469162"
"celebrities","actor","8","Gabriel Iglesias","117122165783749287103","17","2431026"
"celebrities","actor","9","Harry Shum Jr","100778660287081084062","","2278111"
"celebrities","actor","10","Adrian Grenier","106749254706410187997","","2067795"
"celebrities","actor","11","Rose McGowan","101989171644896834606","4","1637389"
"celebrities","actor","12","William Shatner","112859244767729828637","4773","1465975"
"celebrities","actor","13","David Spade","109960739367065180670","","1462665"
"celebrities","actor","14","Wil Wheaton","108176814619778619437","","1407089"
"celebrities","actor","15","Adam Sandler","113756014567052941747","","1334280"
"celebrities","actor","16","Ray  William Johnson","107765155354887834405","4592","810085"
"celebrities","actor","17","Russell Brand","103235415015490284753","2","618561"
"celebrities","actor","18","Anusha Dandekar","105307501702816887964","20","617151"
"celebrities","actor","19","Steve Martin","105409238756204175774","","84761"
"celebrities","writer","1","Arianna Huffington","103233967921245494760","22","2219048"
"celebrities","writer","2","Violet Blue","105822688186016123722","186","1048509"
"celebrities","writer","3","Gary Whitta","114522811866073303399","","1011464"
"celebrities","writer","4","Christina Warren","114274687956791581923","619","908629"
"celebrities","writer","5","JR Raphael","108233028875375016776","","904943"
"celebrities","writer","6","Jillian C. York","105931402039205614444","537","816152"
"celebrities","writer","7","Jason Kincaid","110727249496967897430","","688909"
"celebrities","writer","8","Dan Gillmor","113210431006401244170","","644895"
"celebrities","writer","9","M. Serdar Kuzuloğlu","114646210125786533099","","171443"
"celebrities","writer","10","Kimberly Hosey","107408720924877751027","","36291"
"celebrities","band","1","Coldplay","115209943765910868932","10","4265852"
"celebrities","band","2","Linkin Park","108224757437677099038","","583229"
"celebrities","band","3","BEAST","106585838775304421738","7","493187"
"celebrities","band","4","Iron Maiden","113190342152462157683","","29971"
"celebrities","band","5","Epica","104909565346578074210","2","4859"
"celebrities","band","6","Blind Guardian","105460529552942083672","2","3069"
"celebrities","band","7","Slightly Stoopid","114464224336023668524","","522"
"celebrities","band","8","Noisia","116953509631921091412","","407"
"celebrities","sport","1","David Beckham","108846998869637201361","155","4871398"
"celebrities","sport","2","Dwyane Wade","100892500100144569705","6","1934877"
"celebrities","sport","3","LeBron James","109908435403153802108","4","1581180"
"entertainment","website","1","IGN","100801061924982065053","127","2277333"
"entertainment","website","2","Filmweb","109018142434786640041","1","74817"
"entertainment","website","3","The Hot Hits","116903667332845228002","","48003"
"entertainment","website","4","Take 40 Australia","112358204351858707834","4659","47132"
"entertainment","website","5","Eu Amo Você","111027823639794123317","1166","12051"
"entertainment","website","6","Nerdice","102057224689490415694","5","535"
"entertainment","website","7","Nirwana Sitoeking","101364995365523015586","","534"
"entertainment","website","8","Exoplanety.cz","118135903238298368747","","492"
"entertainment","website","9","emeleXista.com Emelec","112843024867729030837","13","295"
"entertainment","website","10","Opera di Arte","103398276684272144112","66","256"
"entertainment","website","11","Rockombia","102822521349635517536","","204"
"entertainment","website","12","Sisson New Zealand Photography","115824113838382053707","9","196"
"entertainment","website","13","Winter in Edinburgh","102632279572974914897","55","177"
"entertainment","website","14","AhhPesss Página Oficial","116915455679581074252","113","123"
"entertainment","website","15","DeAbyDay.tv","104055075507704664876","2","88"
"entertainment","website","16","Veranstaltungskalender Österreich","100339469977390509221","","57"
"entertainment","website","17","duddud.com","107165233116463351605","","44"
"entertainment","website","18","Pravdu.cz","103428155274574282378","4","39"
"entertainment","website","19","Hotszots .eu","114282009280563130330","149","36"
"entertainment","website","20","Будь мобильным!","105519969410629639400","16","13"
"entertainment","website","21","Sitko.ru","107430381258950281974","9","11"
"entertainment","website","22","HappyKids","105611237196097261802","1","8"
"entertainment","website","23","Anahtar Topla","116549410165588893058","17","7"
"entertainment","website","24","Veranstaltungen in Österreich","113192476440617746788","",""
"entertainment","blog","1","Shield (Joygame)","113418139645005338561","115","120"
"entertainment","blog","2","RSS Kitap","110996607129051178415","24","62"
"entertainment","blog","3","Style and Blog","117836140849111138822","","38"
"entertainment","blog","4","I Love MS Oficial","118179172864111544989","25","24"
"entertainment","blog","5","Movimento Marajó Forte - MMF","117775581253071048901","3","7"
"entertainment","blog","6","@IQnotes","114022668288855033125","2","4"
"entertainment","blog","7","Salsa Blog Polska","104721402216162789406","1","3"
"entertainment","blog","8","Salsa Blog","103648125891041289671","",""
"entertainment","tv-show","1","BBC Good Food","111356888524273919268","6","1485211"
"entertainment","tv-show","2","Good Morning America","116806352365658350717","25","511355"
"entertainment","tv-show","3","Family Guy","117928396322017215526","29","267071"
"entertainment","tv-show","4","BBC World Have Your Say","117822810093288997605","","207559"
"entertainment","tv-show","5","Doctor Who","117244995001171442243","1","201568"
"entertainment","tv-show","6","ABC World News","102922738525778464049","21","30284"
"entertainment","tv-show","7","Castle","111198904336865192126","554","4298"
"entertainment","tv-show","8","Survivor","107185868305980406487","4","3882"
"entertainment","tv-show","9","Top Gear USA","105393204876240826038","1","2017"
"entertainment","tv-show","10","Frozen Planet","102974134144142538716","","65"
"entertainment","tv-show","11","Breakout Kings CZ","111481492550188265995","","22"
"entertainment","place","1","Museo Frida Kahlo","113963272322773630569","5","111464"
"entertainment","place","2","Museo Dolores Olmedo","105724797181488027146","9","87137"
"entertainment","place","3","Happy Art Museum","108452226075672915777","4854","2458"
"entertainment","place","4","We Love SF","104144452152850801305","39","70"
"entertainment","place","5","ZOC MAX Poprad","116353978329493701287","13","31"
"entertainment","film","1","The Hunger Games","110700893861235018134","","1615298"
"entertainment","film","2","Star Wars","108514047690420664042","","1080112"
"entertainment","film","3","Harry Potter","110433646574974019725","1","15973"
"entertainment","film","4","FFFILM","110852275367847958142","","4147"
"entertainment","event","1","Abu Dhabi Film Festival","105844494318514344119","2","408713"
"entertainment","event","2","Macef - International Home Show","105378124654960046595","162","65543"
"entertainment","event","3","NZIFF (New Zealand International Film Festival)","107905711910302575113","","269"
"entertainment","event","4","Hackathon Azerbaijan","100743250608251182794","","96"
"entertainment","games","1","Skylanders Game","105213208467309178229","","441302"
"entertainment","games","2","Joygame","106275865478116128281","632","51759"
"entertainment","radio","1","Europe 1, Le Bistrot du Dimanche","101236781561013497762","582","51218"
"entertainment","person","1","Brian Brushwood","108894779805940659869","431","1698866"
"media","website","1","YouTube","115229808208707341778","","3251141"
"media","website","2","ZAGAT","104111246635874032234","","2612324"
"media","website","3","IGN","100801061924982065053","127","2277333"
"media","website","4","WIRED","112943946047332492941","446","2191535"
"media","website","5","Google+","101560853443212199687","38","1883218"
"media","website","6","Google","116899029375914044550","118","1742289"
"media","website","7","deviantART","108424020240415471405","125","1393623"
"media","website","8","TripAdvisor","118294736482650299130","20","1366591"
"media","website","9","Google Brasil","107558061013247958406","","1340736"
"media","website","10","Firstpost","117459377564869355198","18","681799"
"media","website","11","UOL","105695284076964756780","2","472605"
"media","website","12","Blogger","110587955497525318489","","437302"
"media","website","13","UOL Esporte","111026258866559981971","2","430040"
"media","website","14","Casa.com.br","105031806295722458764","24","351409"
"media","website","15","Google UK","103583604759580854844","219","347937"
"media","website","16","Google Россия","108954345031389568444","25","331021"
"media","website","17","Google Indonesia","117883426796115291567","16","229756"
"media","website","18","WebMotors","117894427924406597374","5","176113"
"media","website","19","Google Argentina","112209395112018703654","","164423"
"media","website","20","Google France","106901486880272202822","","163394"
"media","website","21","Le Monde.fr","109755834038051460678","","158836"
"media","website","22","Android Central","111016991750865047479","22","138925"
"media","website","23","Diario Clarín","110862005478798487372","3864","91089"
"media","website","24","Android Police","103876278794381402383","10","90543"
"media","website","25","Interesting Engineering","112118861354873908587","5","86916"
"media","website","26","Paréntesis.com","108504084763418606567","","83930"
"media","website","27","Google Australia","115477067087672475993","","81994"
"media","website","28","Google Canada","108349337900676782287","233","59203"
"media","website","29","PanSci 泛科學","104430274632048494577","33","55023"
"media","website","30","Mi manual del bebé","112010990292773887989","102","42426"
"media","website","31","KOMPAS.com","104876799500478558944","4","40542"
"media","website","32","Where2Stay-SouthAfrica.com","100793698497312345898","133","26485"
"media","website","33","NetMoms","105476161455243716021","8","25841"
"media","website","34","SvětAndroida.cz","107658403783990911996","","20572"
"media","website","35","Živě.cz","105770704951487739333","7","17957"
"media","website","36","Boston.com","105846714412577435274","13","16343"
"media","website","37","ЛІГАБізнесІнформ","113610967144302019071","1","13940"
"media","website","38","Alles über Google+","115262379772819103897","","4142"
"media","website","39","ATLAS Experiment","117931032380025921950","","4078"
"media","website","40","Bayt.com","101260018454433079670","","3936"
"media","website","41","Яндекс","105328909813314931504","1","1784"
"media","website","42","mobilenet.cz","116641715124967979458","12","1778"
"media","website","43","Motorcycle-USA","111619136001004270708","","1674"
"media","website","44","Volím Karla","105764768430851249757","192","1218"
"media","website","45","MolecularLab","117786869168905629108","1","1204"
"media","website","46","wetter.tv","108295608040681931201","379","868"
"media","website","47","Emarketing.fr","113297191951904665271","39","604"
"media","website","48","heise Software-Verzeichnis","104079606280691363668","14","565"
"media","website","49","Scuk.cz","100358646572498502591","2","539"
"media","website","50","BLOUIN ARTINFO","106519335585920525288","75","460"
"media","website","51","energynet","111102118747234794254","68","439"
"media","website","52","dakwatuna.com","101953263325449885420","","410"
"media","website","53","ŽelPage","116020145576982055776","12","389"
"media","website","54","Jablíčkář.cz","101069857145991168217","","388"
"media","website","55","Bien.hu","107879282241532562687","83","382"
"media","website","56","Global Museum","109387399901726606466","165","336"
"media","website","57","Tendance.com","102808095793909273671","294","264"
"media","website","58","Hardware Hacks","103258031735814951768","41","245"
"media","website","59","Sun.Star Philippines","106762005559925025668","165","233"
"media","website","60","YouTube New Zealand","104712025715227983160","207","206"
"media","website","61","Staedte-Reisen","109458183483356554308","151","193"
"media","website","62","Prague Connect","110930230773700789301","214","190"
"media","website","63","Telegraf","109161711095067285586","17","187"
"media","website","64","Küchengötter","105991345875400575360","20","182"
"media","website","65","Dwizer Madagascar","114500630240560997986","869","180"
"media","website","66","View New Zealand","104414898076744684379","","173"
"media","website","67","urbanite Magdeburg","102536261339377088538","1","173"
"media","website","68","Laureate International Universities","107155794915479080726","24","158"
"media","website","69","Jamaicansmusic.com","117202756699521066228","","154"
"media","website","70","Bgstart EU","102506290329796231564","108","127"
"media","website","71","New Zealand Companies Office","112782146010720175876","10","115"
"media","website","72","Computerworld.jp コンピュータワールド","115326988902420795371","8","103"
"media","website","73","budgetplaces.com","117794413776980032773","","83"
"media","website","74","Restaurantes.com","103058886889736625109","115","77"
"media","website","75","Yes Scotland","102712973654390931183","","71"
"media","website","76","Продизайн","113448818595631154872","","63"
"media","website","77","Новини України","117314929589834692263","18","62"
"media","website","78","squeaker.net","113078462782909438456","161","51"
"media","website","79","Yellow Pages Click,Find","103296808072749073022","2","49"
"media","website","80","Radins.com","113207369183718702101","35","47"
"media","website","81","Jófogás.hu","103684746089479658607","13","46"
"media","website","82","Europrojekti.eu","100233220498447172951","156","45"
"media","website","83","Podpalmo.si","108902646103886612962","35","39"
"media","website","84","So.cl","115764606605750843066","1","38"
"media","website","85","Gasztro-TV.hu","118311064131215596654","3","26"
"media","website","86","Josef Sysel","114137487397184019349","85","25"
"media","website","87","Made in Vilnius","118362262598887756097","21","24"
"media","website","88","Widemash","106193191413948838167","113","22"
"media","website","89","Dwizer Web Booster G+","112497235297633007438","9","18"
"media","website","90","Digital Beat","103958575390732721206","26","16"
"media","website","91","BrighterMonday.com","115266854678832545936","8","13"
"media","website","92","Escapadelas","112568520489178774842","","13"
"media","website","93","Alès Cévennes","107896436477717867629","4","5"
"media","website","94","vulpea colorată","102688555467819735592","2","5"
"media","website","95","L'Audace en Cévennes","101262097835897402569","19","5"
"media","website","96","Lokalguide Österreich","102450928005796608761","","4"
"media","website","97","geeknews","114320344993913088563","3","4"
"media","website","98","Profesora Jesus","104788566498416853237","5","4"
"media","website","99","Regional und Kostenlos inserieren in Österreich","115527639732496808565","","4"
"media","website","100","Südsteiermark .at - Regionalinformationen","110012150007425397570","","3"
"media","website","101","POLYGLOTT","113027769577962974626","",""
"media","website","102","GU","113589146213025868840","",""
"media","news","1","BBC News","107045876535773972576","16","1684835"
"media","news","2","Financial Times","113457471429583444041","","1635749"
"media","news","3","NBC News","114810779645279671611","10","1395145"
"media","news","4","Mashable","113493854651753327245","31","1380531"
"media","news","5","TechCrunch","103037366582313115962","","1365670"
"media","news","6","PBS NewsHour","106351386231433168228","53","985950"
"media","news","7","The Huffington Post","101423092138897438495","","751530"
"media","news","8","The Verge","100601380617286837373","28","550727"
"media","news","9","Breaking News","108404515213153345305","451","538361"
"media","news","10","Newsweek and The Daily Beast","100212953676424405273","157","371503"
"media","news","11","SPIEGEL ONLINE","106419678219919655169","","118838"
"media","news","12","Diario Clarín","110862005478798487372","3864","91089"
"media","news","13","ZEIT ONLINE","107720718922832943625","21","79571"
"media","news","14","BBC World Service","106901640885505124483","921","64479"
"media","news","15","BBC Україна","107319925327758836295","59","49074"
"media","news","16","CBS News","117831279655356042125","12","33335"
"media","news","17","TWiT","113679091104569847886","","28425"
"media","news","18","ТСН","112915477255865222914","","27556"
"media","news","19","CNN iReport","117553368300608550188","","19605"
"media","news","20","Hangouts de Periodismo","117994486040428338904","94","11844"
"media","news","21","UaReview","103786171353793128530","1","10155"
"media","news","22","УНІАН","106975155676998607780","","8756"
"media","news","23","Diario El Comercio","117031244658300634975","58","7282"
"media","news","24","ATLAS Experiment","117931032380025921950","","4078"
"media","news","25","link2portal","107781502938933786802","540","3377"
"media","news","26","Diario Perú21","102843362651599480991","","2425"
"media","news","27","Socialmedia Wallet","115923291124480391222","2909","1805"
"media","news","28","Gelecekonline","113687087698822224122","1455","1667"
"media","news","29","Sosyal Medya Haber","106239777319921512988","32","1286"
"media","news","30","3 News","104643098783402541362","3","997"
"media","news","31","Ahram Online","115177451874746263968","2","816"
"media","news","32","Le Soir","105689583043171868681","","725"
"media","news","33","Gamekult","101625445660253475181","237","592"
"media","news","34","dakwatuna.com","101953263325449885420","","410"
"media","news","35","Diario MDZ online","113535042096668343946","","248"
"media","news","36","24sata","115643376804318655414","240","172"
"media","news","37","ГолосUA","103571782639418034124","5","121"
"media","news","38","Báo Thanh Niên","103797665138052497239","87","113"
"media","news","39","Daily Dot","117475421660021956666","9","107"
"media","news","40","Computerworld.jp コンピュータワールド","115326988902420795371","8","103"
"media","news","41","PortTurkey.com","111378403264045894063","58","69"
"media","news","42","LN Star News","103504295957836102376","17","19"
"media","magazine","1","TIME","110038350445855508357","18","2605024"
"media","magazine","2","National Geographic","109600806421917664383","7","2453515"
"media","magazine","3","WIRED","112943946047332492941","446","2191535"
"media","magazine","4","Financial Times","113457471429583444041","","1635749"
"media","magazine","5","Forbes","102281638880464201271","22","729443"
"media","magazine","6","National Geographic Abu Dhabi","115956050646773758437","4598","596359"
"media","magazine","7","National Geographic Russia","110056094106588217220","7","346379"
"media","magazine","8","The New Yorker","107786469140133631773","51","153539"
"media","magazine","9","Vogue Paris","118430317794679834219","","45670"
"media","magazine","10","Dawid Martynowski","110200115381518276083","3013","22283"
"media","magazine","11","CHIP Online","104490219549111229774","16","19444"
"media","magazine","12","t3n Magazin","101559871572415719072","41","17047"
"media","magazine","13","Týdeník Respekt","114588478345569499171","11","11472"
"media","magazine","14","AUTO BILD","101806008348647448783","117","3268"
"media","magazine","15","Motorcycle-USA","111619136001004270708","","1674"
"media","magazine","16","Men's Health Polska","113897737639072430073","3","1152"
"media","magazine","17","Anna Freud","114122529352805030604","479","887"
"media","magazine","18","Runner's World Australia &amp; New Zealand","106169169093615311414","60","390"
"media","magazine","19","Computer","108859592606712010485","9","389"
"media","magazine","20","A&amp;W Architektur &amp; Wohnen","111751766893713007344","109","255"
"media","magazine","21","PRINZ","118139129241563697766","94","190"
"media","magazine","22","zuhause wohnen","100007470819603484860","6","180"
"media","magazine","23","urbanite Magdeburg","102536261339377088538","1","173"
"media","magazine","24","Men's Health España","102499862028795720503","151","139"
"media","magazine","25","Revista Estrategia &amp; Negocios","101212228302628898376","","133"
"media","magazine","26","Für Sie","112803032737414653773","30","127"
"media","magazine","27","Motocykl","110558736675916347437","3","112"
"media","magazine","28","Das Heimwerkerlexikon","102129198221674082635","22","107"
"media","magazine","29","petra","107650348429076377303","4","98"
"media","magazine","30","vital","102482437829660151242","7","79"
"media","magazine","31","auto motor i sport","102888514844752706311","3","76"
"media","magazine","32","selber machen","104795395900169153783","3","61"
"media","magazine","33","MERIAN","114264705957551035301","6","56"
"media","magazine","34","COUNTRY","109804535500347421508","7","48"
"media","magazine","35","DER FEINSCHMECKER","111018881484700820654","","31"
"media","magazine","36","Sugarpulp","118346426129266623835","5","29"
"media","magazine","37","MEINE ERSTE WOHNUNG","113891712448183542365","4","19"
"media","magazine","38","A&amp;W Designtalente","108211307941728253087","1","17"
"media","magazine","39","Magazin VINO","105755349461996744325","2","6"
"media","magazine","40","All Otaku Magazine","115216631584686192607","4","3"
"media","blog","1","Big Picture","106570437585284044317","4","1089468"
"media","blog","2","GBG Indonesia","117000978382061764952","221","241500"
"media","blog","3","Erol DİZDAR","110652224654705955381","2568","6928"
"media","blog","4","Hamza Şamlıoğlu (TEAkolik)","103042984639591878630","","5962"
"media","blog","5","Eleftherios Kosmas","105155891492205942420","1227","2534"
"media","blog","6","Marco Petrosillo","101596406495587612575","476","1934"
"media","blog","7","GPlus Business Italia","103426365504754923119","","1861"
"media","blog","8","Marketingfacts","104150311147562725332","1","1527"
"media","blog","9","Claudio “Pomhey” Pomes","103474790410296652790","362","1247"
"media","blog","10","TEAkolik Blog","111757811663732761753","1","487"
"media","blog","11","Pinoy Social Media","107256261150272232845","10","150"
"media","blog","12","Nice 2 Look","114787067598877222522","","137"
"media","blog","13","Eko Pramuyanto","105339487400786012403","","58"
"media","blog","14","Green IT Web","106948468898687987924","2","48"
"media","blog","15","Josef Sysel","114137487397184019349","85","25"
"media","blog","16","Marketing Academy Club","112192698889601223351","10","11"
"media","blog","17","Kayzen","112856342846010597990","","9"
"media","blog","18","Subsistence","114517332203182765817","10","7"
"media","blog","19","Who Blames What","100469635654675981244","","1"
"media","radio","1","NPR","114687971156212828314","26","311106"
"media","radio","2","Europe 1, Le Bistrot du Dimanche","101236781561013497762","582","51218"
"media","radio","3","Radiónica FM/WEB","117626058627417960230","4955","30771"
"media","radio","4","The Beat99.9 FM","109259677860366825157","","20366"
"media","radio","5","Český rozhlas","105553290428677532608","","19646"
"media","radio","6","SRF 3","115461591342030674442","","11911"
"media","radio","7","DRadio Wissen","112533132246191062650","1968","8723"
"media","radio","8","Deutschlandradio Kultur","106972350826926520691","5","3912"
"media","radio","9","Breitband","112331807332365257407","7","705"
"media","radio","10","Bulgaria ON AIR","116148389588720257482","","320"
"media","radio","11","Radio Télévision Suisse","111704217611882914330","124","272"
"media","radio","12","Funkhaus Europa + Gemeinschaftseite","106708694614166584118","151","243"
"media","radio","13","RadioBDC","113745106629774360638","6","88"
"media","radio","14","IMC OnAir - IMCRadio.Net","102889086716670247050","","15"
"media","radio","15","Jouluradio","116660668892785662012","4","6"
"media","radio","16","CLUBRADIO.LV","107109709970628898986","","3"
"media","newspaper","1","The Wall Street Journal","117720626238470886461","21","1422510"
"media","newspaper","2","Estadão","100081384191000408787","46","886206"
"media","newspaper","3","Washington Post","103778755977163571576","2240","878990"
"media","newspaper","4","The New York Times","107096716333816995401","90","748813"
"media","newspaper","5","USA TODAY","114268070748975396926","850","550388"
"media","newspaper","6","The Boston Globe","108227564341535363126","26","337842"
"media","newspaper","7","Jornal de Notícias","109122905454922246211","7","2826"
"media","newspaper","8","Mundo Deportivo","115557651379949035845","","2591"
"media","newspaper","9","Diario AS","113898238289240251994","","1706"
"media","newspaper","10","Libertad Digital","109071921142347319773","","1457"
"media","newspaper","11","Hospodárske noviny","102905788229750135219","","1274"
"media","newspaper","12","Diario SPORT","111983717414222984110","","1220"
"media","newspaper","13","nzherald.co.nz","114126396362423144855","21","630"
"media","newspaper","14","Вестник УТРО","115857735686612546490","23","36"
"media","tv-channel","1","NBC Sports","105583492976160498186","","1957439"
"media","tv-channel","2","Al Jazeera English","118055372303098301843","5","541079"
"media","tv-channel","3","Fox News","101387416106272465082","9","165969"
"media","tv-channel","4","Caracol Televisión","108565357470017190555","124","30471"
"media","tv-channel","5","Телеканал ТВі | TVi","115791574782016147903","","5400"
"media","tv-channel","6","Antena 3","101349607494453851617","6","3631"
"media","tv-channel","7","FRANCE 24 English","102302812252644717886","9","3048"
"media","tv-channel","8","Atv","112209224205756784214","","849"
"media","tv-channel","9","Bulgaria ON AIR","116148389588720257482","","320"
"media","tv-channel","10","Radio Télévision Suisse","111704217611882914330","124","272"
"media","tv-channel","11","RiksTV","111446141883689468165","164","213"
"media","tv-channel","12","ITN - Srilanka","113395400580041819915","","118"
"media","tv-channel","13","Bang Channel","114613387403422370397","76","46"
"media","tv-channel","14","Antenna gr","117736197759290315360","79","11"
"media","tv-network","1","ESPN","107691344676291850790","4717","2732705"
"media","tv-network","2","RTVE","116956787266207211535","8","445047"
"media","tv-network","3","Telecine","112268603290472398238","20","421691"
"media","tv-network","4","BBC America","114151454762980012752","16","40096"
"media","tv-network","5","Yamgo TV","112843616376224837376","59","1695"
"media","travel","1","Staedte-Reisen","109458183483356554308","151","193"
"media","travel","2","Escapadelas","112568520489178774842","","13"
"media","travel","3","POLYGLOTT","113027769577962974626","",""
"media","services","1","Paranoid Android","107979589566958860409","6","20133"
"media","services","2","Distribuição de Publicidade marketingonlinept.com","110821494734364867904","2","30"
"media","education","1","dakwatuna.com","101953263325449885420","","410"
"media","education","2","Profesora Jesus","104788566498416853237","5","4"
"media","tv-show","1","ABC News","108686021205441482363","27","704581"
"media","tv-show","2","Yahoo! News","117459616341752158383","92","38584"
"media","software","1","heise Software-Verzeichnis","104079606280691363668","14","565"
"media","agency","1","Distribuição de Publicidade marketingonlinept.com","110821494734364867904","2","30"
